{"cameraMode":{"drawMode":0,"name":"Shaded","section":"Shading Mode"},"sceneLighting":false,"audioPlay":false,"sceneViewState":{"m_AlwaysRefresh":false,"showFog":false,"showSkybox":false,"showFlares":false,"showImageEffects":false,"showParticleSystems":false,"showVisualEffectGraphs":true,"m_FxEnabled":true},"in2DMode":false,"pivot":{"x":-0.11535269021987915,"y":0.05421558395028114,"z":-1.7626112699508668},"rotation":{"x":0.01127761509269476,"y":0.9869171977043152,"z":-0.14008618891239167,"w":0.07947631180286408},"size":2.431147575378418,"orthographic":false}